id_coingecko;ticker;programme_pretge;debut_programme;base_eligibilite;airdrop_pct_farmers;airdrop_unlock_tge_pct;volume_cumule_pretge_usd;confiance;sources
turtle-4;TURTLE;oui;2024-03-15;tvl;12.1;70;;basse;Turtle, protocole de distribution de liquidite live depuis mars 2024 (jour non publie, 15 retenu par convention) | eligibilite : depots dans les deals et campaign vaults Turtle (1 point par dollar depose pendant le leaderboard), parrainages ayant apporte de la liquidite reelle, partenaires distributeurs, formulaires sans contribution mesurable exclus (docs.turtle.xyz) | airdrop 12.10 pct du supply selon la tokenomics officielle (les 13.9 pct de guides tiers etaient preliminaires) | allocations de 1700 TURTLE ou moins 100 pct liquides au TGE, au-dela 70 pct au TGE et 30 pct sur 12 semaines avec renonciation si claim anticipe : 70 retenu par prudence | claim ouvert le 16/10/2025, TGE 22/10/2025
hyperlend;HPL;oui;;tvl;25;;;basse;HyperLend Points distribues chaque jour aux preteurs et emprunteurs des le lancement sur HyperEVM debut 2025 (The Defiant), date exacte non trouvee | genesis distribution 25 pct du supply (tokenomics des 19-20/01/2026, PANews et Cryptopolitan), incluant peut-etre le 1 pct promis aux stakers AAVE dans l accord friendly fork avec l Aave DAO | part de la genesis debloquee au TGE non publiee, seul le vesting investisseurs est detaille
bitway;BTW;oui;;tvl;;;;basse;BW Points gagnes par les depots dans les vaults de rendement Bitway (ex. USDT Yield Boost a 18 pct APR plus BW Points du 15/02 au 01/03/2026) | conversion automatique des BW Points en BTW au ratio 1:200 au TGE du 02/03/2026 sur BNB Chain | total de points et donc part du supply non publies | communaute 26.67 pct avec 2 pct au TGE selon CMC relaye par MEXC, formulation ambigue (de l allocation ou du supply) | pre-market des BTW Points sur BitMart des le 30/01/2026 | date de debut non trouvee
mezo;MEZO;oui;;mixte;;;;basse;Mats (points d activite) gagnes par quetes sociales et parrainages sans depot, et par la participation on-chain (vaults, liquidite, emprunt MUSD contre BTC) | campagne sociale Red Envelope prolongee de 24h avant le TGE (mars 2026) | communaute 40 pct du supply sans part airdrop isolee, 50 pct du supply debloques au TGE entre communaute et fondation (tokenomics.com) | date de debut et part des farmers non trouvees
genius-3;GENIUS;oui;2026-01-19;volume;7;100;18000000000;basse;Genius Points : whitepaper airdrop et points publie le 19/01/2026, saison 1 jusqu au 12/04/2026, 10M GP par semaine attribues sur le volume de trading spot (ChainCatcher) | plus de 200M GP convertis en GENIUS via CoinMarketCap Launch au TGE du 13/04/2026 | Binance Research : circulant jour 1 declare 33.35 pct mais float reel ~7 pct, poste Ecosystem Incentives 7 pct cote retail, retenu comme part farmers liquide au TGE (allocations verrouillees volontairement contre bonus non comptees) | volume : plus de 18Md cumules depuis le lancement public de janvier dans le corps du communique Genius Foundation du 21/04/2026 (15Md en titre du meme communique), 18Md retenu | Binance HODLer Airdrop distinct, non compte
sharex-2;SHARE;oui;;taches;;100;;basse;Airdrop SHARE aux participants des activites partenaires, detenteurs des NFT ShareX Keys et PowerPass et contributeurs communautaires, snapshot du 05/05/2026, entierement debloque en une tranche (ShareX, tokenomics du 07/05/2026) | base taches : NFT, missions et campagnes, sans depot requis | Community et Marketing 15 pct d un supply de 100M, part airdrop non isolee | HODLer Airdrop KuCoin (200K SHARE) distinct, non compte | absent de DefiLlama
kinetiq;KNTQ;oui;2025-07-15;tvl;24;100;;haute;kPoints lances le 15/07/2025 avec le mainnet kHYPE, 800K par semaine selon le staking de HYPE, l integration DeFi du kHYPE et l activite on-chain (docs Kinetiq) | 24 pct du supply aux detenteurs de kPoints, le 1 pct des detenteurs de NFT Hypurr exclu car non farmers (annonce du 22/10/2025, The Defiant) | TGE 27/11/2025, trading des le 25/11 | unlock 100 deduit du circulant a la cotation (~27 pct par MC/FDV, The Defiant), coherent a 2 points pres avec airdrop 25 plus liquidite 4, aucun vesting d airdrop mentionne
echelon-token;ELON;oui;;tvl;;;;basse;Echelon Points lances mi-2024 (jour non publie) : 1 point par dollar fourni et 3 par dollar emprunte, par jour, parrainage a 10 pct (forum Aptos Foundation) | part du supply allouee aux points et part debloquee au TGE du 02/02/2026 non trouvees | circulant 13.5M sur 100M apres TGE, repartition non detaillee
momentum-3;MMT;oui;;mixte;;;;basse;Bricks gagnes par swaps, liquidite et quetes Galxe, doubles pendant la campagne HODL Buidlpad (222M de TVL additionnelle) | beta DEX live depuis le 31/03/2025, debut des Bricks non date | 20.41 pct du supply debloques au TGE du 04/11/2025, entierement communautaires mais incluant la vente publique Buidlpad (1.5 pct) et d autres recompenses, part airdrop non isolee (tokenomics.com, Atomic Wallet) | Community Growth 42.72 pct au total
a-t-m-by-basevol;ATM;non;;;;;;basse;Aucun programme de points BaseVol documente | ATM distribue via un lancement Virtuals Genesis : allocation contre des Virgen Points (engagement dans l ecosysteme Virtuals, staking de VIRTUAL) mis en jeu dans une presale de 24h, sans lien avec l usage de BaseVol
