ticker;nom;id_coingecko;verticale;categorie_cg;date_tge;fdv_initiale_approx_usd;fdv_actuelle_usd;methode
BTW;Bitway;bitway;rendement;yield-farming;2026-03-03;98196384;11694722659;"v0 : TGE = première cotation CoinGecko ; FDV initiale approchée"
LIT;Lighter;lighter;perps;decentralized-perpetuals;2025-12-30;2725796155;4618998693;"v0 : TGE = première cotation CoinGecko ; FDV initiale approchée"
YLDS;YLDS;ylds;rwa;real-world-assets-rwa;2025-11-14;494657444;494564943;"v0 : TGE = première cotation CoinGecko ; FDV initiale approchée"
EDGE;edgeX;edgex;dex;decentralized-exchange;2026-03-31;532628628;612978287;"v0 : TGE = première cotation CoinGecko ; FDV initiale approchée"
ZAMA;Zama;zama;bridges;cross-chain-communication;2026-02-02;389276704;926059251;"v0 : TGE = première cotation CoinGecko ; FDV initiale approchée"
MET;Meteora;meteora;dex;decentralized-exchange;2025-10-23;685355515;359051256;"v0 : TGE = première cotation CoinGecko ; FDV initiale approchée"
USAT;USAT;usa;rwa;real-world-assets-rwa;2026-01-27;183251659;183151577;"v0 : TGE = première cotation CoinGecko ; FDV initiale approchée"
GENIUS;Genius;genius-3;perps;decentralized-perpetuals;2026-04-13;456173904;318648173;"v0 : TGE = première cotation CoinGecko ; FDV initiale approchée"
NOPAL;Nest BlackOpal LiquidStone II Vault;nest-blackopal-liquidstone-ii-vault;rwa;real-world-assets-rwa;2025-12-23;99850278;108583555;"v0 : TGE = première cotation CoinGecko ; FDV initiale approchée"
KNTQ;Kinetiq;kinetiq;lsd_restaking;liquid-staking;2025-11-27;164200868;325455644;"v0 : TGE = première cotation CoinGecko ; FDV initiale approchée"
GGBR;Goldfish Gold;goldfish-gold;rwa;real-world-assets-rwa;2026-02-27;126273745;107207323;"v0 : TGE = première cotation CoinGecko ; FDV initiale approchée"
O;o1.exchange;o1-exchange;dex;decentralized-exchange;2026-06-17;513410249;527063799;"v0 : TGE = première cotation CoinGecko ; FDV initiale approchée"
CAP;Cap;cap-4;lending;lending-borrowing;2026-06-26;245759554;530831582;"v0 : TGE = première cotation CoinGecko ; FDV initiale approchée"
RE;RE;re;rwa;real-world-assets-rwa;2026-06-18;646239181;486835936;"v0 : TGE = première cotation CoinGecko ; FDV initiale approchée"
UP;Unitas;unitas;rendement;yield-farming;2026-03-14;79671553;292331787;"v0 : TGE = première cotation CoinGecko ; FDV initiale approchée"
FT;Flying Tulip;flying-tulip;perps;decentralized-perpetuals;2026-02-23;85203767;101035957;"v0 : TGE = première cotation CoinGecko ; FDV initiale approchée"
FOLKS;FOLKS;folks;lending;lending-borrowing;2025-11-06;146709098;125156028;"v0 : TGE = première cotation CoinGecko ; FDV initiale approchée"
B;Baseline;baseline;dex;decentralized-exchange;2026-05-08;68436235;72842310;"v0 : TGE = première cotation CoinGecko ; FDV initiale approchée"
MMT;Momentum;momentum-3;dex;decentralized-exchange;2025-11-04;345757195;183786720;"v0 : TGE = première cotation CoinGecko ; FDV initiale approchée"
APR;Capricorn;apriori;lsd_restaking;liquid-staking;2025-10-23;331811837;134436086;"v0 : TGE = première cotation CoinGecko ; FDV initiale approchée"
ASSET;REAL;asset;rwa;real-world-assets-rwa;2026-04-30;70819103;201621174;"v0 : TGE = première cotation CoinGecko ; FDV initiale approchée"
MANTRA;MANTRA;mantra;rwa;real-world-assets-rwa;2026-03-03;121678651;38683536;"v0 : TGE = première cotation CoinGecko ; FDV initiale approchée"
DIME;Paradex;paradex;dex;decentralized-exchange;2026-03-05;50291955;43137499;"v0 : TGE = première cotation CoinGecko ; FDV initiale approchée"
ZEST;Zest Protocol;zest-protocol;lending;lending-borrowing;2026-05-19;65611923;176438792;"v0 : TGE = première cotation CoinGecko ; FDV initiale approchée"
AID;GAIB AID;gaib-aid;rwa;real-world-assets-rwa;2026-01-27;18897917;18815352;"v0 : TGE = première cotation CoinGecko ; FDV initiale approchée"
TX;tx;tx;rwa;real-world-assets-rwa;2026-03-06;2745493372;197431192;"v0 : TGE = première cotation CoinGecko ; FDV initiale approchée"
SLX;Solstice;solstice;rendement;yield-farming;2026-05-25;298231694;71314594;"v0 : TGE = première cotation CoinGecko ; FDV initiale approchée"
BASED;Based;based-one;perps;decentralized-perpetuals;2026-03-30;123071118;71419614;"v0 : TGE = première cotation CoinGecko ; FDV initiale approchée"
KAT;Katana;katana-network-token;rendement;yield-farming;2026-03-18;176067130;50930504;"v0 : TGE = première cotation CoinGecko ; FDV initiale approchée"
WET;HumidiFi;humidifi;dex;decentralized-exchange;2025-12-09;122401601;69649342;"v0 : TGE = première cotation CoinGecko ; FDV initiale approchée"
SODA;SODAX;sodax;dex;decentralized-exchange;2025-12-01;97441142;19657715;"v0 : TGE = première cotation CoinGecko ; FDV initiale approchée"
INX;Infinex;infinex-2;perps;decentralized-perpetuals;2026-01-30;274855359;68268124;"v0 : TGE = première cotation CoinGecko ; FDV initiale approchée"
GLDY;Streamex GLDY;streamex-gldy;rwa;real-world-assets-rwa;2026-03-18;15425739;13189478;"v0 : TGE = première cotation CoinGecko ; FDV initiale approchée"
ROLL;ROLL;roll-2;dex;decentralized-exchange;2026-01-16;81948632;80259031;"v0 : TGE = première cotation CoinGecko ; FDV initiale approchée"
SHARE;ShareX;sharex-2;rwa;real-world-assets-rwa;2026-05-08;63090662;60520126;"v0 : TGE = première cotation CoinGecko ; FDV initiale approchée"
KAIO;KAIO;kaio;rwa;real-world-assets-rwa;2026-05-06;1561744951;146796505;"v0 : TGE = première cotation CoinGecko ; FDV initiale approchée"
RSPCX;SpaceX (Reality Protocol);spacex-reality-protocol;rwa;real-world-assets-rwa;2026-06-12;10746230;9969212;"v0 : TGE = première cotation CoinGecko ; FDV initiale approchée"
COLLECT;Collect on Fanable;collect-on-fanable;rwa;real-world-assets-rwa;2025-12-29;136861169;54482339;"v0 : TGE = première cotation CoinGecko ; FDV initiale approchée"
CLO;Yei Finance;yei-finance;bridges;cross-chain-communication;2025-10-14;136299623;61635110;"v0 : TGE = première cotation CoinGecko ; FDV initiale approchée"
NVPRIME;NUVA nvPRIME;nuva-nvprime;rwa;real-world-assets-rwa;2026-05-15;6728364;6887483;"v0 : TGE = première cotation CoinGecko ; FDV initiale approchée"
TURTLE;Turtle;turtle-4;rendement;yield-farming;2025-10-22;272059909;44144079;"v0 : TGE = première cotation CoinGecko ; FDV initiale approchée"
VULT;Vultisig;vultisig;bridges;cross-chain-communication;2025-10-27;43666203;6360137;"v0 : TGE = première cotation CoinGecko ; FDV initiale approchée"
LV;LeverUp;leverup;perps;decentralized-perpetuals;2026-03-26;43512127;64709488;"v0 : TGE = première cotation CoinGecko ; FDV initiale approchée"
HPL;HyperLend;hyperlend;lending;lending-borrowing;2026-03-03;12150526;14195117;"v0 : TGE = première cotation CoinGecko ; FDV initiale approchée"
NEST;NEST;nest-2;dex;decentralized-exchange;2026-04-13;1337654;36332394;"v0 : TGE = première cotation CoinGecko ; FDV initiale approchée"
CGN;Cygnus;cygnus-2;lsd_restaking;restaking;2025-10-23;226826909;21538955;"v0 : TGE = première cotation CoinGecko ; FDV initiale approchée"
EVAA;EVAA Protocol;evaa-protocol;lending;lending-borrowing;2025-10-03;246880861;36699732;"v0 : TGE = première cotation CoinGecko ; FDV initiale approchée"
RAM;Ramses;ramses;dex;decentralized-exchange;2025-11-15;8853183;10912861;"v0 : TGE = première cotation CoinGecko ; FDV initiale approchée"
KSKD;Kaskad;kaskad;lending;lending-borrowing;2026-06-08;6616252;3472210;"v0 : TGE = première cotation CoinGecko ; FDV initiale approchée"
KYO;Kyo;kyo;bridges;cross-chain-communication;2025-12-10;40904421;3477141;"v0 : TGE = première cotation CoinGecko ; FDV initiale approchée"
V;Vault;vault-2;lsd_restaking;liquid-staking;2025-11-25;11276463;2761223;"v0 : TGE = première cotation CoinGecko ; FDV initiale approchée"
VOOI;VOOI;vooi;perps;decentralized-perpetuals;2025-12-18;144450045;7998306;"v0 : TGE = première cotation CoinGecko ; FDV initiale approchée"
SWAP;HyperSwap;hyperswap;dex;decentralized-exchange;2025-10-21;12202740;2943728;"v0 : TGE = première cotation CoinGecko ; FDV initiale approchée"
MEZO;MEZO;mezo;lending;lending-borrowing;2026-04-01;103361315;4247507;"v0 : TGE = première cotation CoinGecko ; FDV initiale approchée"
PEN;Pendulum;pendulum-chain;dex;decentralized-exchange;2025-10-03;1739338;3746491;"v0 : TGE = première cotation CoinGecko ; FDV initiale approchée"
LUCKY;LUCKY;lucky;rendement;yield-farming;2025-10-31;12058517;1501537;"v0 : TGE = première cotation CoinGecko ; FDV initiale approchée"
KDK;Kodiak Finance;kodiak-finance;perps;decentralized-perpetuals;2025-12-24;38787543;9826637;"v0 : TGE = première cotation CoinGecko ; FDV initiale approchée"
OBS;Obsidian;obsidian-2;dex;decentralized-exchange;2025-10-19;795946;1444170;"v0 : TGE = première cotation CoinGecko ; FDV initiale approchée"
RAILS;Rails;rails;perps;decentralized-perpetuals;2026-02-04;11845754;2503808;"v0 : TGE = première cotation CoinGecko ; FDV initiale approchée"
NEST;Nest;nest-3;lending;lending-borrowing;2026-06-20;5361837;2182073;"v0 : TGE = première cotation CoinGecko ; FDV initiale approchée"
ELON;Echelon Token;echelon-token;lending;lending-borrowing;2026-02-02;29975138;7049342;"v0 : TGE = première cotation CoinGecko ; FDV initiale approchée"
AVKAT;Autocompounding Voting KAT;autocompounding-voting-kat;lsd_restaking;liquid-staking;2026-03-28;1261937;902332;"v0 : TGE = première cotation CoinGecko ; FDV initiale approchée"
R2;R2 Protocol;r2protocol;rendement;yield-farming;2026-03-30;41329758;8269397;"v0 : TGE = première cotation CoinGecko ; FDV initiale approchée"
ZSWAP;ZygoSwap;zygoswap;dex;decentralized-exchange;2025-12-31;100396;801372;"v0 : TGE = première cotation CoinGecko ; FDV initiale approchée"
NEMESIS;Nemesis;nemesis-2;perps;decentralized-perpetuals;2025-10-31;6687089;780344;"v0 : TGE = première cotation CoinGecko ; FDV initiale approchée"
ALT;ALT;alt;perps;decentralized-perpetuals;2026-05-17;4796571;609613;"v0 : TGE = première cotation CoinGecko ; FDV initiale approchée"
CLONE;Confidential Layer;confidential-layer;bridges;bridge-governance-tokens;2025-12-10;13943567;4643003;"v0 : TGE = première cotation CoinGecko ; FDV initiale approchée"
OWL;Owlto Finance;owlto-finance;bridges;cross-chain-communication;2026-01-15;98331813;2951567;"v0 : TGE = première cotation CoinGecko ; FDV initiale approchée"
SIGMA;SigmaDotMoney;sigmadotmoney;perps;decentralized-perpetuals;2025-10-21;36669133;3034168;"v0 : TGE = première cotation CoinGecko ; FDV initiale approchée"
LO0P;LO0P;lo0p;lending;lending-borrowing;2026-05-10;4665957;323862;"v0 : TGE = première cotation CoinGecko ; FDV initiale approchée"
KYROS;Kyros;kyros;lsd_restaking;restaking;2025-10-15;7229642;594052;"v0 : TGE = première cotation CoinGecko ; FDV initiale approchée"
CYPH;Cypher;cypher-3;dex;decentralized-exchange;2025-12-19;24033298;1811650;"v0 : TGE = première cotation CoinGecko ; FDV initiale approchée"
TOPAZ;Topaz;topaz;dex;decentralized-exchange;2026-06-15;3581713;1541936;"v0 : TGE = première cotation CoinGecko ; FDV initiale approchée"
HYBR;HYBR;hybr;dex;decentralized-exchange;2026-06-22;3131038;1589070;"v0 : TGE = première cotation CoinGecko ; FDV initiale approchée"
K9;K9;k9-2;perps;decentralized-perpetuals;2026-03-30;135865;183180;"v0 : TGE = première cotation CoinGecko ; FDV initiale approchée"
ATM;A.T.M. by BaseVol;a-t-m-by-basevol;options;decentralized-options;2025-10-23;4170440;399597;"v0 : TGE = première cotation CoinGecko ; FDV initiale approchée"
Z;zkCLOB;zkclob;dex;decentralized-exchange;2025-11-12;792596;256428;"v0 : TGE = première cotation CoinGecko ; FDV initiale approchée"
ABX;Aborean;aborean;dex;decentralized-exchange;2025-10-10;187536847;407201;"v0 : TGE = première cotation CoinGecko ; FDV initiale approchée"
ORBIT;Orbit;orbit-4;dex;decentralized-exchange;2026-05-02;1832726;376891;"v0 : TGE = première cotation CoinGecko ; FDV initiale approchée"
DUST;Pixie Dust;pixie-dust;lending;lending-borrowing;2025-12-17;52965695;2799019;"v0 : TGE = première cotation CoinGecko ; FDV initiale approchée"
MAGPIE;Magpie;permission-less-lending;lending;lending-borrowing;2026-06-03;339052;80253;"v0 : TGE = première cotation CoinGecko ; FDV initiale approchée"
LABS;Epicentral Labs;epicentral-labs;options;decentralized-options;2026-01-12;661942;46552;"v0 : TGE = première cotation CoinGecko ; FDV initiale approchée"
VICTORY;VICTORY;victory-2;dex;decentralized-exchange;2026-04-18;449343;88789;"v0 : TGE = première cotation CoinGecko ; FDV initiale approchée"
PARQ;Parquet;parquet;perps;decentralized-perpetuals;2026-06-07;205117;17669;"v0 : TGE = première cotation CoinGecko ; FDV initiale approchée"
LIQUID;Meme Liquid;meme-liquid;perps;decentralized-perpetuals;2026-02-08;1170404;15763;"v0 : TGE = première cotation CoinGecko ; FDV initiale approchée"
REWARD;HodlerRewards;hodlerrewards;rendement;yield-farming;2026-02-21;34549;13724;"v0 : TGE = première cotation CoinGecko ; FDV initiale approchée"
HNTR;Hash Hunter;hash-hunter;bridges;cross-chain-communication;2025-10-22;97046;9587;"v0 : TGE = première cotation CoinGecko ; FDV initiale approchée"
LSD;LSD;lsd-2;lsd_restaking;liquid-staking;2026-01-10;5697352;8465;"v0 : TGE = première cotation CoinGecko ; FDV initiale approchée"
PERK;PERK;perk;perps;decentralized-perpetuals;2026-03-30;853765;6310;"v0 : TGE = première cotation CoinGecko ; FDV initiale approchée"
KNT;KayakNet;kayaknet;bridges;cross-chain-communication;2026-01-21;112823;6022;"v0 : TGE = première cotation CoinGecko ; FDV initiale approchée"
FFX;Flap Futures;flap-futures;perps;decentralized-perpetuals;2026-04-01;47608;5913;"v0 : TGE = première cotation CoinGecko ; FDV initiale approchée"
PDGN;Degen Perp Dex;degen-perp-dex;perps;decentralized-perpetuals;2025-10-14;158429;5463;"v0 : TGE = première cotation CoinGecko ; FDV initiale approchée"
AMARA;AMARA;amara;perps;decentralized-perpetuals;2026-02-12;1925572;5343;"v0 : TGE = première cotation CoinGecko ; FDV initiale approchée"
NEXUS;Nexus Trading Labs;nexus-trading-labs;perps;decentralized-perpetuals;2026-06-10;87100;42772;"v0 : TGE = première cotation CoinGecko ; FDV initiale approchée"
PLUTO;Pluto;pluto-3;perps;decentralized-perpetuals;2025-10-25;757225;6929;"v0 : TGE = première cotation CoinGecko ; FDV initiale approchée"
PUMPPERPS;PumpPerps;pumpperps;perps;decentralized-perpetuals;2026-03-30;109410;4039;"v0 : TGE = première cotation CoinGecko ; FDV initiale approchée"
CRACKROCK;CrackRock;crackrock;perps;decentralized-perpetuals;2026-04-29;240173;3721;"v0 : TGE = première cotation CoinGecko ; FDV initiale approchée"
TROVE;Trove;trove;perps;decentralized-perpetuals;2026-01-20;447808;4270;"v0 : TGE = première cotation CoinGecko ; FDV initiale approchée"
RNGR;Ranger;ranger;perps;decentralized-perpetuals;2026-01-10;3744144;0;"v0 : TGE = première cotation CoinGecko ; FDV initiale approchée"
BYNOMO;Bynomo;bynomo;options;decentralized-options;2026-03-26;68844;2190;"v0 : TGE = première cotation CoinGecko ; FDV initiale approchée"
PGOLD;Pleasing Gold;pleasing-gold;rwa;real-world-assets-rwa;2025-10-30;77769062;83948440;"v0 : TGE = première cotation CoinGecko ; FDV initiale approchée"
SAID;GAIB sAID;gaib-said;rwa;real-world-assets-rwa;2026-01-27;17315933;11714266;"v0 : TGE = première cotation CoinGecko ; FDV initiale approchée"
DAKS;Draggable Aktionariat AG;draggable-aktionariat-ag;rwa;real-world-assets-rwa;2026-04-15;6665214;6081080;"v0 : TGE = première cotation CoinGecko ; FDV initiale approchée"
OOOO;oooo;oooo;bridges;cross-chain-communication;2025-12-30;43582177;6994629;"v0 : TGE = première cotation CoinGecko ; FDV initiale approchée"
SPOL;sPOL;spol;lsd_restaking;liquid-staking;2026-04-25;15141160;19744625;"v0 : TGE = première cotation CoinGecko ; FDV initiale approchée"
SMILEE;Smilee;smilee;lsd_restaking;liquid-staking;2025-12-01;1687984;176135;"v0 : TGE = première cotation CoinGecko ; FDV initiale approchée"
STEAK;Steak;steak-3;lsd_restaking;liquid-staking;2026-06-15;40731;2370;"v0 : TGE = première cotation CoinGecko ; FDV initiale approchée"
PAYS;Paystream;paystream;lending;lending-borrowing;2025-10-30;1840710;155134;"v0 : TGE = première cotation CoinGecko ; FDV initiale approchée"
PBANK;PUMPBANK;pumpbank;lending;lending-borrowing;2026-01-01;300495;4938;"v0 : TGE = première cotation CoinGecko ; FDV initiale approchée"
IZKY;IZKY;izky;lending;lending-borrowing;2025-12-01;102994269;31354249;"v0 : TGE = première cotation CoinGecko ; FDV initiale approchée"
TEA;TeaFi Token;teafi-token;dex;decentralized-exchange;2025-11-03;119932309;213427;"v0 : TGE = première cotation CoinGecko ; FDV initiale approchée"
SEAS;Seasons;seasons;rendement;yield-farming;2026-05-26;360387507;253017942;"v0 : TGE = première cotation CoinGecko ; FDV initiale approchée"
