ticker;id_coingecko;verticale;date_tge;origine_tge;derniere_cotation;perf_j30_pct;rel_btc_j30_pct;perf_j90_pct;rel_btc_j90_pct;perf_j180_pct;rel_btc_j180_pct;statut
BTW;bitway;rendement;2026-03-03;coingecko;2026-09-27;103.3;105.8;28.3;20.0;4550.1;3990.7;ok
LIT;lighter;perps;2025-12-30;coingecko;2026-09-27;-27.6;-29.2;-69.7;-59.9;-36.9;-8.2;ok
YLDS;ylds;rwa;2025-11-14;coingecko;2026-09-27;0.0;10.2;0.0;48.3;-0.0;23.6;ok
EDGE;edgex;dex;2026-03-31;coingecko;2026-09-27;122.3;95.6;-47.9;-41.6;15.5;-8.8;ok
ZAMA;zama;bridges;2026-02-02;coingecko;2026-09-27;-40.0;-32.5;-21.0;-22.8;52.3;86.5;ok
MET;meteora;dex;2025-10-23;coingecko;2026-09-27;-53.5;-41.2;-62.9;-54.9;-78.6;-69.6;ok
USAT;usa;rwa;2026-01-27;coingecko;2026-09-27;0.0;30.1;0.0;12.2;-0.0;37.1;ok
GENIUS;genius-3;perps;2026-04-13;coingecko;2026-09-27;18.5;4.1;-27.8;-20.0;;;partiel
NOPAL;nest-blackopal-liquidstone-ii-vault;rwa;2025-12-23;coingecko;2026-09-27;0.9;-0.2;2.9;34.0;4.6;44.0;ok
KNTQ;kinetiq;lsd_restaking;2025-11-27;coingecko;2026-09-27;-63.5;-62.1;-25.3;5.5;18.5;38.9;ok
GGBR;goldfish-gold;rwa;2026-02-27;coingecko;2026-09-27;-10.9;-9.4;-12.1;-20.2;-8.0;-20.9;ok
O;o1-exchange;dex;2026-06-17;coingecko;2026-09-27;1.6;4.5;6.2;-10.8;;;partiel
CAP;cap-4;lending;2026-06-26;coingecko;2026-09-27;-14.8;-20.9;116.8;53.5;;;partiel
RE;re;rwa;2026-06-18;coingecko;2026-09-27;-30.9;-30.3;-35.5;-45.0;;;partiel
UP;unitas;rendement;2026-03-14;coingecko;2026-09-27;149.0;149.6;390.2;446.4;433.4;382.7;ok
FT;flying-tulip;perps;2026-02-23;coingecko;2026-09-27;-3.3;-10.6;-10.9;-24.3;-1.1;-17.7;ok
FOLKS;folks;lending;2025-11-06;coingecko;2026-09-27;271.2;332.0;-47.6;-28.0;-53.6;-39.7;ok
B;baseline;dex;2026-05-08;coingecko;2026-09-27;-29.2;-6.9;-24.0;-5.8;;;partiel
MMT;momentum-3;dex;2025-11-04;coingecko;2026-09-27;-26.4;-16.1;-53.8;-36.1;-61.9;-48.5;ok
APR;apriori;lsd_restaking;2025-10-23;coingecko;2026-09-27;-29.1;-10.3;-67.4;-60.4;-47.5;-25.5;ok
ASSET;asset;rwa;2026-04-30;coingecko;2026-09-27;149.2;157.0;282.2;353.4;;;partiel
MANTRA;mantra;rwa;2026-03-03;coingecko;2026-09-27;-23.4;-22.4;-41.3;-45.1;-70.5;-74.1;ok
DIME;paradex;dex;2026-03-05;coingecko;2026-09-27;-46.0;-41.2;-60.3;-56.7;-70.6;-72.8;ok
ZEST;zest-protocol;lending;2026-05-19;coingecko;2026-09-27;290.9;366.8;115.8;164.2;;;partiel
AID;gaib-aid;rwa;2026-01-27;coingecko;2026-09-27;-0.1;29.9;-0.2;12.0;-0.2;36.9;ok
TX;tx;rwa;2026-03-06;coingecko;2026-09-27;-57.0;-54.6;-82.9;-81.1;-91.9;-92.5;ok
SLX;solstice;rendement;2026-05-25;coingecko;2026-09-27;-23.0;-5.4;-77.2;-77.2;;;partiel
BASED;based-one;perps;2026-03-30;coingecko;2026-09-27;12.5;-2.8;-39.4;-33.3;-43.8;-55.9;ok
KAT;katana-network-token;rendement;2026-03-18;coingecko;2026-09-27;-51.3;-52.0;-67.2;-63.4;-74.6;-75.5;ok
WET;humidifi;dex;2025-12-09;coingecko;2026-09-27;46.4;45.3;-13.7;18.5;-54.4;-32.1;ok
SODA;sodax;dex;2025-12-01;coingecko;2026-09-27;-35.6;-34.1;-30.5;-6.3;;;partiel
INX;infinex-2;perps;2026-01-30;coingecko;2026-09-27;-54.9;-43.1;-60.9;-56.4;-73.1;-64.4;ok
GLDY;streamex-gldy;rwa;2026-03-18;coingecko;2026-09-27;-4.3;-5.7;-13.8;-3.8;-13.2;-16.4;ok
ROLL;roll-2;dex;2026-01-16;coingecko;2026-09-27;15.6;58.3;-18.0;4.8;-32.8;-1.1;ok
SHARE;sharex-2;rwa;2026-05-08;coingecko;2026-09-27;-67.9;-57.8;-56.1;-45.6;;;partiel
KAIO;kaio;rwa;2026-05-06;coingecko;2026-09-27;-78.3;-72.5;-89.0;-85.9;;;partiel
RSPCX;spacex-reality-protocol;rwa;2026-06-12;coingecko;2026-09-27;-14.2;-14.5;-7.8;-25.2;;;partiel
COLLECT;collect-on-fanable;rwa;2025-12-29;coingecko;2026-09-27;105.1;102.1;-1.9;29.8;-0.7;45.3;ok
CLO;yei-finance;bridges;2025-10-14;coingecko;2026-09-27;51.3;71.6;441.4;586.7;-34.6;3.3;ok
VEREM;verified-emeralds;rwa;2026-01-22;coingecko;2026-09-27;-91.5;-88.8;-95.9;-95.2;-98.1;-97.4;ok
NVPRIME;nuva-nvprime;rwa;2026-05-15;coingecko;2026-09-27;0.5;26.5;1.6;29.8;;;partiel
TURTLE;turtle-4;rendement;2025-10-22;coingecko;2026-09-27;-71.6;-64.4;-80.8;-77.5;-83.5;-75.8;ok
XRS;vertek;lending;2026-01-01;coingecko;2026-09-27;20.1;25.1;33.2;71.2;-98.3;-97.5;ok
VULT;vultisig;bridges;2025-10-27;coingecko;2026-09-27;-74.0;-65.9;-77.4;-71.0;-67.3;-51.6;ok
SPCX;spacex-backpack-securities;rwa;2026-06-12;coingecko;2026-09-27;-16.5;-16.8;-15.7;-31.5;;;partiel
LV;leverup;perps;2025-12-18;override:ICO Drops;2026-09-28;;;;;;;non_mesurable
HPL;hyperlend;lending;2026-03-03;coingecko;2026-09-27;29.1;30.7;35.6;26.7;4.1;-8.5;ok
NEST;nest-2;dex;2026-04-13;coingecko;2026-09-27;352.2;297.0;1341.7;1497.0;;;partiel
CGN;cygnus-2;lsd_restaking;2025-10-23;coingecko;2026-09-27;-91.3;-88.9;-86.5;-83.6;-89.4;-84.9;ok
EVAA;evaa-protocol;lending;2025-10-03;coingecko;2026-09-27;45.6;59.5;-80.7;-73.4;-91.2;-84.4;ok
RAM;ramses;dex;2025-11-15;coingecko;2026-09-27;-35.8;-31.0;-61.7;-45.3;-71.1;-65.5;ok
KSKD;kaskad;lending;2026-06-08;coingecko;2026-09-27;-70.1;-70.2;-83.9;-87.2;;;partiel
KYO;kyo;bridges;2025-12-10;coingecko;2026-09-27;-85.3;-85.0;-88.7;-84.7;-92.4;-88.9;ok
V;vault-2;lsd_restaking;2025-11-25;coingecko;2026-09-27;-13.1;-12.5;-42.4;-22.0;-36.3;-26.7;ok
VOOI;vooi;perps;2025-12-18;coingecko;2026-09-27;-90.8;-91.7;-95.0;-94.2;-96.5;-95.5;ok
SWAP;hyperswap;dex;2025-10-21;coingecko;2026-09-27;-68.4;-61.7;-87.9;-85.7;-84.4;-77.3;ok
MEZO;mezo;lending;2026-04-01;coingecko;2026-09-27;-60.1;-64.4;-88.2;-86.7;;;partiel
PEN;pendulum-chain;dex;2025-10-03;coingecko;2026-09-27;8.0;18.3;63.8;125.4;113.7;278.1;ok
LUCKY;lucky;rendement;2025-10-31;coingecko;2026-09-27;-21.8;-6.7;-65.2;-57.7;-77.9;-68.6;ok
KDK;kodiak-finance;perps;2025-12-24;coingecko;2026-09-27;-44.6;-45.8;-37.6;-23.1;-59.2;-43.6;ok
OBS;obsidian-2;dex;2025-10-19;coingecko;2026-09-27;-55.4;-48.1;-36.5;-28.7;-52.9;-32.7;ok
RAILS;rails;perps;2026-02-04;coingecko;2026-09-27;31.7;40.6;-54.8;-57.2;-70.3;-64.6;ok
NEST;nest-3;lending;2026-06-20;coingecko;2026-09-27;-2.4;-4.1;-61.8;-68.2;;;partiel
ELON;echelon-token;lending;2026-02-02;coingecko;2026-09-27;-64.6;-60.1;-75.1;-75.6;-78.1;-73.2;ok
AVKAT;autocompounding-voting-kat;lsd_restaking;2026-03-28;coingecko;2026-09-27;38.1;16.4;-34.0;-26.6;-29.5;-44.6;ok
R2;r2protocol;rendement;2026-03-30;coingecko;2026-09-27;-91.9;-93.0;-96.0;-95.6;-79.3;-83.8;ok
ZSWAP;zygoswap;dex;2025-12-31;coingecko;2026-09-27;1636.2;1712.8;2014.8;2702.1;456.2;726.1;ok
NEMESIS;nemesis-2;perps;2025-10-31;coingecko;2026-09-27;-80.2;-76.4;-65.9;-58.5;-93.5;-90.8;ok
ALT;alt;perps;2026-05-17;coingecko;2026-09-27;-95.9;-95.2;-94.1;-92.7;;;partiel
CLONE;confidential-layer;bridges;2025-12-10;coingecko;2026-09-27;21.7;23.9;-49.3;-31.3;-66.2;-50.5;ok
OWL;owlto-finance;bridges;2026-01-15;coingecko;2026-09-27;-64.6;-50.2;-91.4;-88.8;-97.9;-96.8;ok
SIGMA;sigmadotmoney;perps;2025-10-21;coingecko;2026-09-27;-57.9;-49.1;-13.8;2.1;-72.9;-60.5;ok
LO0P;lo0p;lending;2026-05-10;coingecko;2026-09-27;-91.6;-89.2;-91.1;-88.9;;;partiel
KYROS;kyros;lsd_restaking;2025-10-15;coingecko;2026-09-27;-77.3;-74.2;-85.7;-82.3;-95.1;-92.1;ok
CYPH;cypher-3;dex;2025-12-19;coingecko;2026-09-27;6.4;-4.1;-72.3;-66.8;-84.5;-79.8;ok
TOPAZ;topaz;dex;2026-06-15;coingecko;2026-09-27;-63.6;-63.2;-2.4;-17.0;;;partiel
HYBR;hybr;dex;2026-06-22;coingecko;2026-09-27;-41.7;-44.6;-53.0;-63.4;;;partiel
K9;k9-2;perps;2026-03-30;coingecko;2026-09-27;165.0;128.9;-51.7;-46.9;31.6;3.3;ok
ATM;a-t-m-by-basevol;options;2025-10-23;coingecko;2026-09-27;-56.0;-44.4;-55.3;-45.6;-88.5;-83.7;ok
Z;zkclob;dex;2025-11-12;coingecko;2026-09-27;-5.7;5.0;-36.4;-6.5;-66.4;-57.8;ok
ABX;aborean;dex;2025-10-10;coingecko;2026-09-27;-81.7;-78.3;-93.3;-91.1;-98.4;-97.2;ok
ORBIT;orbit-4;dex;2026-05-02;coingecko;2026-09-27;-40.2;-36.5;-75.4;-70.3;;;partiel
DUST;pixie-dust;lending;2025-12-17;coingecko;2026-09-27;59.0;45.9;-5.3;11.3;-32.5;-9.9;ok
MAGPIE;permission-less-lending;lending;2026-06-03;coingecko;2026-09-27;-21.7;-15.1;-53.0;-60.1;;;partiel
LABS;epicentral-labs;options;2026-01-12;coingecko;2026-09-27;-31.1;-9.1;-69.2;-61.6;-92.8;-89.8;ok
VICTORY;victory-2;dex;2026-04-18;coingecko;2026-09-27;-21.0;-21.3;-72.9;-67.2;;;partiel
PARQ;parquet;perps;2026-06-07;coingecko;2026-09-27;-7.7;-12.2;-91.6;-93.6;;;partiel
LIQUID;meme-liquid;perps;2026-02-08;coingecko;2026-09-27;-90.4;-90.3;-81.3;-83.9;-99.3;-99.3;ok
REWARD;hodlerrewards;rendement;2026-02-21;coingecko;2026-09-27;-36.0;-35.9;;;;;partiel
HNTR;hash-hunter;bridges;2025-10-22;coingecko;2026-09-27;-45.0;-31.2;-73.0;-68.5;-96.3;-94.6;ok
LSD;lsd-2;lsd_restaking;2026-01-10;coingecko;2026-09-27;-94.4;-92.7;-99.9;-99.8;-99.9;-99.8;ok
PERK;perk;perps;2026-03-30;coingecko;2026-09-26;-89.6;-91.0;-99.0;-98.9;-99.3;-99.4;ok
KNT;kayaknet;bridges;2026-01-21;coingecko;2026-09-27;-93.3;-91.1;-96.1;-95.5;-95.7;-94.1;ok
FFX;flap-futures;perps;2026-04-01;coingecko;2026-09-26;-88.0;-89.3;-91.4;-90.3;;;partiel
PDGN;degen-perp-dex;perps;2025-10-14;coingecko;2026-09-27;-86.9;-85.1;-94.6;-93.2;-97.1;-95.4;ok
AMARA;amara;perps;2026-02-12;coingecko;2026-09-27;-75.5;-76.8;-94.3;-95.2;-99.8;-99.8;ok
NEXUS;nexus-trading-labs;perps;2026-06-10;coingecko;2026-09-25;-43.0;-44.4;-53.2;-63.5;;;partiel
PLUTO;pluto-3;perps;2025-10-25;coingecko;2026-09-26;-98.1;-97.5;-98.8;-98.5;-98.8;-98.3;ok
PUMPPERPS;pumpperps;perps;2026-03-30;coingecko;2026-09-23;-95.5;-96.1;;;-96.3;-97.1;partiel
CRACKROCK;crackrock;perps;2026-04-29;coingecko;2026-09-22;-98.9;-98.8;;;;;partiel
TROVE;trove;perps;2026-01-20;coingecko;2026-06-03;-94.2;-91.9;;;;;partiel
RNGR;ranger;perps;2026-01-10;coingecko;2026-09-05;-31.8;-12.2;-61.6;-51.2;-39.1;-11.3;ok
BYNOMO;bynomo;options;2026-03-26;coingecko;2026-09-25;-90.8;-91.5;-97.9;-97.6;-96.9;-97.4;ok
PGOLD;pleasing-gold;rwa;2025-10-30;coingecko;2026-09-25;5.3;27.5;29.2;59.4;17.3;66.9;ok
EMRL.D;emerald-security-token;rwa;2026-04-04;coingecko;2026-07-29;8.4;-7.7;-26.9;-20.6;;;partiel
SAID;gaib-said;rwa;2026-01-27;coingecko;2026-07-05;;;9.1;22.4;;;partiel
DAKS;draggable-aktionariat-ag;rwa;2026-04-15;coingecko;2026-09-23;11.3;2.0;-18.0;-2.2;;;partiel
OOOO;oooo;bridges;2025-12-30;coingecko;2026-06-10;-93.8;-94.0;-99.8;-99.8;;;partiel
SPOL;spol;lsd_restaking;2026-04-25;coingecko;2026-09-27;-2.0;-1.4;-17.7;-2.0;;;partiel
APRMON;apriori-monad-lst;lsd_restaking;2026-01-29;coingecko;2026-09-27;-0.1;35.2;44.9;69.4;2.5;43.6;ok
SMILEE;smilee;lsd_restaking;2025-12-01;coingecko;2026-09-25;-32.5;-31.0;-31.9;-8.2;-62.7;-54.2;ok
STEAK;steak-3;lsd_restaking;2026-06-15;coingecko;2026-09-13;-95.0;-94.9;-94.2;-95.0;;;partiel
PAYS;paystream;lending;2025-10-30;coingecko;2026-09-25;-29.5;-14.7;-22.5;-4.4;-50.9;-30.1;ok
PBANK;pumpbank;lending;2026-01-01;coingecko;2026-09-25;-97.2;-97.1;-98.6;-98.3;-98.7;-98.2;ok
IZKY;izky;lending;2025-12-01;coingecko;2026-09-07;85.9;90.1;97.7;166.6;15.3;41.8;ok
TEA;teafi-token;dex;2025-11-03;coingecko;2026-06-27;-63.7;-56.1;-85.5;-79.7;-99.5;-99.2;ok
SEAS;seasons;rendement;2026-05-26;coingecko;2026-09-27;-18.2;3.6;-27.6;-28.1;;;partiel
