id_coingecko;ticker;produit_live;traction_tge;float_initial_pct;fees_vers_token;backers;confiance;sources
alt;ALT;non;nulle;100;non;aucun;basse;ALT = token de Alt Fun (launchpad/swap meme, BNB Chain), PAS AltLayer (id altlayer distinct, TGE jan 2024) ; desambiguise via DefiLlama (fiche coingecko:alt, categorie Meme, ATH le 17/05/2026 = jour du TGE) ; 937.5M circulant = total supply, 100 pct float ; swap fees vers createurs et protocole, token holder net income 0 ; aucune preuve de produit anterieur au token, aucun backer, aucune couverture ; categorie perps de l echantillon erronee
genius-3;GENIUS;oui;moyenne;33.35;non;tier1;haute;Genius Terminal, trading terminal onchain multi-chain (10 chaines, solver-based, Ghost Mode privacy), public launch janvier 2026 ; pre-TGE sourcee : 15Md+ dollars de volume cumule et 27K wallets actifs en ~3 mois (ACN Newswire avril 2026), volume reel mais fortement incite (200M Genius Points convertis en allocations) ; TGE 13-14/04/2026 via CoinMarketCap Launch, listings MEXC/Aster puis KuCoin ; backe par YZi Labs (ex-Binance Labs), CZ advisor, 65e projet Binance HODLer Airdrops ; Binance Research : Day1 circulating 33.35 pct MAIS real float tradable ~7 pct ; pas de capture vers le token documentee
nuva-nvprime;NVPRIME;non;nulle;;non;aucun;basse;nvPRIME = token de vault de NUVA (part d un vault de credit prive HELOC Figure, NAV ~1.05, yield accumule) = instrument hors perimetre, famille YLDS/AID ; le projet NUVA (Animoca + Nuva Labs, seed 5.2M Morgan Creek) est reel mais cet id est le nvAsset, pas un token de projet ; a purger ; notation minimale de convention
zkclob;Z;non;nulle;;oui;aucun;basse;zkCLOB, exchange orderbook prive zk revendique (spot, swaps, P2P sans KYC) ; micro-cap Ethereum (~95K dollars), descriptif exclusivement auto-declare, revenue sharing vers Z annonce dans la bio du token ; aucune couverture independante, aucun backer, aucune preuve d un exchange fonctionnel au TGE 12/11/2025
crackrock;CRACKROCK;non;nulle;89;non;aucun;basse;CrackRock, token pump.fun Solana (contrat en pump), parodie BlackRock assumee ; whitepaper (CrackPaper, heberge sur generateur no-code base44) entierement au conditionnel : DEX propose, event markets planifies, buybacks discretionnaires (may be routed, subject to) = annonce non engageante ; 890M/1B circulant ; aucun backer, aucune couverture independante
teafi-token;TEA;oui;faible;;oui;aucun;basse;Tea-Fi, SuperApp DeFi multichain (swap/yield/wallet, 40+ chaines), TGE 03/11/2025 sur Kraken/KuCoin/MEXC ; TeaPOT = vault protocol-owned qui capte les fees et finance des buybacks TEA + veTEA, annonce structurellement au TGE ; metriques exclusivement auto-declarees via press releases payees (2M wallets, 540-650M volume, 5M TVL) : ratio wallets/TVL typique du farming d airdrop massif, app live mais usage reel non demontrable ; aucun backer nomme
zama;ZAMA;oui;moyenne;;oui;tier1;haute;Zama, protocole FHE (confidential smart contracts sur Ethereum), mainnet live 30-31/12/2025 (premier transfert cUSDT confidentiel), premiere app production Zama Auction 21/01/2026 : app la plus utilisee d Ethereum le 24/01, 100M+ dollars TVS en 3 jours, auction sealed-bid levant 118.5M a 0.05 (218 pct sursouscrite) ; TGE 02/02/2026 ; MAIS l usage pre-TGE est essentiellement l auction elle-meme (circulaire), d ou traction moyenne ; ZAMA paie les operations FHE, fees burned, staking operateurs = capture structurelle ; ~130M leves pre-TGE (Multicoin, Protocol Labs, Pantera, Metaplanet) ; float TGE non consolide (auction 880M = 8 pct du supply)
hyperswap;SWAP;oui;forte;;partiel;aucun;haute;HyperSwap, premier AMM natif HyperEVM (Hyperliquid), live depuis Q1 2025, TVL 105M+ ; revenus reels pre-TGE (DefiLlama : 6.5M dollars Q2 2025, 5.53M Q3, l essentiel reverse aux LPs) ; TGE 21/10/2025 ; supply 69M : airdrop 51.2 pct, private sale 36.6 pct SANS fonds nommes publiquement, insiders 3.5 pct ; float TGE incertain (un unlock de 14.5 pct restait pour avril 2026) ; xSWAP escrowed + protocol fees minces = partiel ; backers aucun faute de noms malgre la private sale
nexus-trading-labs;NEXUS;non;nulle;100;non;aucun;basse;Micro token sur Base (Uniswap V4), 100Md supply 100 pct circulant, MC <50K dollars, aucune information disponible sur les agregateurs, aucune trace d un produit de trading malgre le nom ; ne pas confondre avec Nexus blockchain (NEX, nexus.xyz, TGE 20/05/2026) ni Nexus Tools (Solana) ; aucun backer, aucune couverture
vooi;VOOI;oui;moyenne;;partiel;tier2;haute;VOOI, perp DEX aggregator intent-based (Orderly, KiloEx, SynFutures, Hyperliquid ; opBNB/BSC/Arbitrum), live depuis mai 2024 ; ~5Md dollars de volume cumule route pre-TGE (article partenaire OneBalance), en partie campagnes d airdrop (BNB Airdrop Alliance) ; accelere par Binance Labs (MVB Season 7 aout 2024) et Consensys, public sale 1.25M le 17/11/2025 ; TGE 18/12/2025 ; 5 pct des fees burn + 5 pct liquidite = partiel ; tier2 retenu : Binance Labs via batch accelerateur = petit ticket, coherent avec l arbitrage Coinbase Ventures/o1 ; float TGE introuvable
